{"cameraMode":{"drawMode":0,"name":"Shaded","section":"Shading Mode"},"sceneLighting":false,"audioPlay":false,"sceneViewState":{"m_AlwaysRefresh":false,"showFog":true,"showSkybox":false,"showFlares":true,"showImageEffects":true,"showParticleSystems":true,"showVisualEffectGraphs":true,"m_FxEnabled":true},"in2DMode":false,"pivot":{"x":0.23186112940311433,"y":0.4153788685798645,"z":-0.11954784393310547},"rotation":{"x":-0.04339299350976944,"y":0.9283019304275513,"z":-0.1147603765130043,"w":-0.3510059714317322},"size":0.8909657597541809,"orthographic":true}