{"cameraMode":{"drawMode":0,"name":"Shaded","section":"Shading Mode"},"sceneLighting":false,"audioPlay":false,"sceneViewState":{"m_AlwaysRefresh":false,"showFog":true,"showSkybox":false,"showFlares":true,"showImageEffects":true,"showParticleSystems":true,"showVisualEffectGraphs":true,"m_FxEnabled":true},"in2DMode":false,"pivot":{"x":-0.005758523941040039,"y":0.494437575340271,"z":-0.00209808349609375},"rotation":{"x":0.2237565517425537,"y":0.13836215436458589,"z":-0.032045263797044757,"w":0.9642837643623352},"size":0.6027935147285461,"orthographic":true}