{"cameraMode":{"drawMode":0,"name":"Shaded","section":"Shading Mode"},"sceneLighting":false,"audioPlay":false,"sceneViewState":{"m_AlwaysRefresh":false,"showFog":true,"showSkybox":false,"showFlares":true,"showImageEffects":true,"showParticleSystems":true,"showVisualEffectGraphs":true,"m_FxEnabled":true},"in2DMode":false,"pivot":{"x":-0.21708324551582337,"y":0.5240802764892578,"z":0.010523468255996704},"rotation":{"x":0.07200203090906143,"y":0.5115573406219482,"z":-0.04307182878255844,"w":0.8551467061042786},"size":1.9765230417251588,"orthographic":true}