{"cameraMode":{"drawMode":0,"name":"Shaded","section":"Shading Mode"},"sceneLighting":true,"audioPlay":false,"sceneViewState":{"m_AlwaysRefresh":false,"showFog":true,"showSkybox":true,"showFlares":true,"showImageEffects":true,"showParticleSystems":true,"showVisualEffectGraphs":true,"m_FxEnabled":true},"in2DMode":false,"pivot":{"x":18.487043380737306,"y":-2.6532435417175295,"z":9.769735336303711},"rotation":{"x":0.2237565517425537,"y":0.13836215436458589,"z":-0.032045263797044757,"w":0.9642837643623352},"size":38.069786071777347,"orthographic":true}