{"cameraMode":{"drawMode":0,"name":"Shaded","section":"Shading Mode"},"sceneLighting":false,"audioPlay":false,"sceneViewState":{"m_AlwaysRefresh":false,"showFog":true,"showSkybox":false,"showFlares":true,"showImageEffects":true,"showParticleSystems":true,"showVisualEffectGraphs":true,"m_FxEnabled":true},"in2DMode":false,"pivot":{"x":0.26144909858703616,"y":1.0243189334869385,"z":0.5972189903259277},"rotation":{"x":0.12914620339870454,"y":0.19121699035167695,"z":-0.025387872010469438,"w":0.9726921916007996},"size":1.609966516494751,"orthographic":true}