{"cameraMode":{"drawMode":0,"name":"Shaded","section":"Shading Mode"},"sceneLighting":false,"audioPlay":false,"sceneViewState":{"m_AlwaysRefresh":false,"showFog":true,"showSkybox":false,"showFlares":true,"showImageEffects":true,"showParticleSystems":true,"showVisualEffectGraphs":true,"m_FxEnabled":true},"in2DMode":false,"pivot":{"x":0.024695098400115968,"y":-0.045385509729385379,"z":0.031023919582366945},"rotation":{"x":0.054955653846263888,"y":-0.6436165571212769,"z":0.046421390026807788,"w":0.7619630098342896},"size":1.0942258834838868,"orthographic":true}